code,last_name,salary,birthdate
1,Tooting,50155.24,1993-11-27
2,Ashborn,96912.15,1995-02-04
3,Januszkiewicz,14402.91,1995-09-27
4,Ballay,14134.81,1991-09-26
5,O'Hara,29650.79,1994-04-05
6,Rawcliffe,48324.09,1995-08-15
7,Brimilcome,96619.46,1992-02-06
8,Ghilardi,97110.28,1991-08-18
9,MacCrann,63297.51,1993-07-05
10,Halfacree,89405.13,1995-07-16
11,Nielson,34462.88,1994-09-18
12,Burth,62249.36,1992-08-07
13,Brunon,70698.5,1997-11-02
14,Glasper,41315.97,1996-01-02
15,Moulding,98988.57,1993-06-02
16,Yakebovitch,38474.69,1997-01-31
17,Allard,47248.15,1993-03-24
18,Stoyell,37298.16,1991-11-13
19,Stanman,84594.93,1997-10-12
20,Gahagan,14783.48,1993-11-07
21,Cohn,16437.63,1999-05-29
22,McNickle,67176.72,1992-12-22
23,Leate,17736.84,1996-03-03
24,Fairhall,78057.81,1994-07-05
25,Ewens,53295.68,1991-07-06
26,Hargreaves,58057.39,1995-10-14
27,Felten,93527.26,2000-01-10
28,Seeman,68764.52,1999-03-03
29,Pennington,78752.42,1992-10-11
30,Snelgrove,24027.71,2000-10-07
31,Draco,13978.29,1993-02-15
32,Madner,61685.72,1997-05-13
33,Crane,19248.93,1998-11-28
34,Dinjes,57569.46,1991-02-05
35,Brandone,36799.45,1994-03-26
36,Maryin,89176.14,1999-01-09
37,Benettini,30482.97,1992-08-02
38,Dibbe,97027.25,2000-04-10
39,Hasely,99654.73,1994-02-26
40,Eusden,40974.45,1995-03-20
41,Cappel,30773.83,2000-02-26
42,Angier,68748.82,1992-06-27
43,Gentreau,54197.18,1994-07-01
44,Lukasen,34006.87,1997-10-25
45,Merman,35431.13,1994-01-07
46,Sutherel,29579.45,1992-07-21
47,McGlade,56177.79,1998-03-01
48,Laherty,71845.33,1998-02-20
49,Jewitt,77407.63,1995-01-07
50,Wilks,99474.44,1991-11-17
51,Winterscale,62550.08,1995-11-30
52,Janton,51981.09,1993-01-26
53,Curner,84535.94,1997-08-25
54,Kendrick,43340.92,1996-04-20
55,Algate,60957.16,1992-03-05
56,Sturman,50336.76,1993-10-26
57,Scad,31049.17,1992-09-29
58,Roman,95978.63,1994-05-17
59,Fidelus,34529.65,2000-03-27
60,Dumbellow,79746.51,1995-06-17
61,Risby,11551.81,1998-03-15
62,Vose,38017.25,1994-08-19
63,Hourihane,82360.68,1999-03-25
64,Caney,16597.8,1992-06-25
65,Bradshaw,92257.67,1997-08-01
66,Bernini,79741.95,1997-02-12
67,Egdell,11590.82,1992-05-26
68,Jagiello,18619.84,1991-11-20
69,Bootman,62575.02,1996-10-09
70,Speerman,81903.62,2000-10-04
71,Seggie,69253.2,1997-01-30
72,Brouard,67809.23,1998-12-22
73,Duguid,27179.68,1994-11-27
74,Kendle,57017.72,1999-07-07
75,Nutkin,80454.87,1996-03-04
76,Cocking,64939.69,1997-05-27
77,Dodson,93722.35,2000-05-11
78,Fowells,20550.01,1997-07-26
79,Slixby,47736.48,1991-03-23
80,Woodworth,15052.48,1995-05-04
81,Peschke,87188.38,1999-01-23
82,Jolliffe,83161.38,1994-12-20
83,Maciaszek,28212.0,1998-02-17
84,McFeat,80176.13,1991-12-11
85,Cawley,24617.78,1996-01-11
86,Leile,68736.34,1999-11-05
87,Shale,13329.09,1997-05-08
88,Raffeorty,48498.51,1992-07-02
89,Calafate,69151.12,1999-10-15
90,Turmell,89973.83,1997-12-13
91,Nanuccioi,20390.65,2000-02-14
92,Godier,13778.25,1999-10-30
93,Johannes,87975.59,1997-10-29
94,Leopard,59790.89,1993-07-25
95,Southcott,19383.71,2000-08-11
96,Tant,82311.8,1994-04-13
97,Jessel,50523.11,1993-10-16
98,Valentin,59766.68,1995-02-23
99,Spatoni,90838.51,1992-09-29
100,Draco,90068.14,2000-05-10
101,Cookman,73399.93,1999-02-14
102,Buntin,14840.46,1997-06-02
103,Lattka,66794.52,2000-07-08
104,Kohneke,82773.38,1997-02-25
105,Gyppes,53759.44,1994-04-23
106,Gifkins,55024.86,1995-11-05
107,Charity,41844.76,1992-10-13
108,Acom,64520.6,1997-09-18
109,Runnalls,16067.59,1994-12-26
110,Wrack,62485.35,1993-01-08
111,Fiddiman,27026.24,1993-03-26
112,Fairweather,61301.33,1992-07-10
113,Swetmore,74411.13,1999-07-28
114,Jedrys,55441.51,1998-05-23
115,Burtonwood,57428.88,1993-10-19
116,Abramino,33974.02,1991-08-27
117,Kegley,26145.94,1999-11-13
118,Killock,17512.89,1994-09-17
119,Forrestill,80854.84,2000-05-15
120,Creaser,47827.32,1996-03-03
121,Petegre,12160.49,1996-07-29
122,Buxam,92156.89,1995-10-29
123,Slowcock,46728.13,1995-04-12
124,Bissell,27840.95,1999-09-29
125,Joliffe,11087.97,1996-02-16
126,Estick,29171.2,1991-09-14
127,Spohr,67139.07,1996-03-30
128,Kembry,71728.09,1992-10-20
129,Skiggs,22115.56,1991-02-15
130,Lesmonde,85762.0,1992-03-15
131,Corro,57144.72,1996-11-15
132,Alford,30110.2,2000-11-14
133,Warlock,37482.43,1993-09-09
134,Parmley,62440.29,1999-08-15
135,Vaissiere,33602.93,1999-11-17
136,Vasler,69800.37,1993-07-19
137,Vayne,93132.97,1994-09-22
138,Vereker,76033.94,1991-10-04
139,Pooke,28997.9,2000-11-16
140,Sloegrave,86617.4,1998-08-15
141,McVee,66092.31,1999-12-30
142,Rignall,73698.76,1997-09-24
143,Blamphin,42051.44,1995-07-22
144,Loyley,81945.17,1994-07-25
145,Dykes,15490.73,1998-12-12
146,Bonellie,15044.52,1993-03-10
147,Cattermull,77813.27,1992-07-01
148,Cullinane,82962.06,1995-01-26
149,Croxton,36098.26,1993-10-21
150,Bare,47804.44,1992-09-15
151,Lulham,88428.77,1995-10-28
152,Stirtle,58707.85,2000-01-24
153,Elphick,10042.18,1996-06-21
154,Latch,11990.64,1992-05-18
155,Stain,92088.83,1992-07-04
156,MacTeague,49744.92,1996-01-03
157,Andrysiak,60293.89,1994-05-25
158,Naptine,24520.13,1992-04-30
159,Palfreeman,17118.11,1995-01-22
160,Alliban,37037.47,1993-02-12
161,Jindracek,84414.48,1992-11-05
162,Horlock,95985.89,1992-09-02
163,McKinnell,30634.28,1996-12-27
164,Denness,13622.23,1992-05-03
165,Hing,25137.73,2000-07-01
166,Charter,60202.63,1994-12-25
167,Clayfield,97792.74,1992-07-12
168,Gogerty,20155.88,1992-08-03
169,Laite,29854.05,1993-10-07
170,McCaffery,60704.95,2000-05-30
171,Rollason,73316.48,1995-02-20
172,Theurer,59611.13,1991-09-17
173,Marzelle,11393.45,1992-01-01
174,Blazynski,82938.31,1996-07-19
175,Wildman,89501.77,1993-03-17
176,Gorsse,96434.68,1996-12-31
177,Mattosoff,41314.23,1993-09-26
178,Milne,92520.49,1998-02-23
179,Satterlee,77462.79,1996-01-10
180,Mabbe,54220.11,1991-11-16
181,Meachan,20857.25,1998-07-31
182,Thal,66627.03,1995-01-14
183,Cosker,36494.35,1994-10-05
184,Gimlet,45582.95,1993-09-09
185,Dedenham,25392.05,1997-01-10
186,Roantree,86997.35,1994-06-19
187,Sikora,71895.59,1999-08-19
188,Flint,62923.84,1995-04-24
189,Gyurko,58217.9,1991-04-07
190,Velte,44394.27,1998-04-22
191,Hayth,63696.69,1997-02-02
192,Assad,68376.16,1996-07-07
193,Paoletto,73997.6,2000-04-01
194,Pounsett,60128.45,1996-08-16
195,Cuttle,87460.03,1998-05-26
196,Schmuhl,21416.39,1995-10-26
197,Minto,92350.85,1991-04-21
198,Hinkley,43243.33,1997-12-05
199,Wigan,12927.24,1995-01-03
200,Davidavidovics,90054.11,1993-07-26
201,Sybry,50628.35,1993-06-13
202,Carmont,25186.97,1992-08-04
203,Schirak,37425.68,1998-07-16
204,Keane,82580.96,1997-01-29
205,Beardshall,45641.81,1992-02-01
206,Wines,59913.25,1996-03-21
207,Dineen,62059.18,1998-12-21
208,Edgcumbe,50128.62,1994-08-18
209,Silverthorne,18613.52,1994-07-16
210,Watts,98653.24,1996-06-26
211,Maddie,25342.58,1994-11-13
212,Eglise,48238.42,1994-12-24
213,Swigg,32143.41,1992-07-14
214,Lewinton,70854.63,1993-04-15
215,McDermott,13940.18,1992-09-10
216,Garland,20783.11,1999-03-15
217,Sadd,58537.43,1994-06-30
218,Ouchterlony,11589.55,1993-11-17
219,Kingswood,20959.64,1996-10-02
220,Lenton,35193.36,1993-07-16
221,Crowdson,23068.39,1994-07-04
222,Bagger,53646.35,1992-03-30
223,Croney,99788.28,1991-11-11
224,Brehat,26239.46,1999-05-14
225,Binyon,97334.8,1993-08-07
226,Quin,94810.0,1998-11-22
227,Heatlie,42425.69,1995-05-18
228,Wand,56447.07,1992-12-30
229,Barling,20905.79,1997-07-24
230,Van Oort,51479.41,1999-10-28
231,Strapp,38400.1,1999-06-07
232,Weeds,45380.25,1992-02-20
233,Richards,37876.6,1999-10-04
234,Sweetmore,61744.32,1994-10-17
235,Danbye,79927.72,1993-07-11
236,Diehn,52969.78,2000-03-27
237,Greenhow,32150.04,1995-04-16
238,Robb,41855.02,2000-04-27
239,Jiroutka,34777.39,1991-02-19
240,Renehan,53672.04,1993-04-28
241,Cancutt,99220.01,1999-01-08
242,Maha,34327.2,1991-02-01
243,Bowra,34204.1,2000-09-06
244,Baldocci,70581.24,1999-05-15
245,Cambell,35967.44,2000-08-12
246,Northey,12677.28,1994-12-24
247,Balasini,28299.32,1998-12-01
248,Ewell,84393.14,1994-07-20
249,Maylard,56497.24,1996-01-10
250,Brockie,81278.98,2000-03-01
251,Klaffs,35214.04,1991-05-25
252,Folbige,57256.74,1994-05-07
253,Agget,93868.5,1999-09-18
254,Joselson,22340.38,1991-04-21
255,Smythe,48230.1,1991-06-10
256,Kenaway,22699.06,1993-04-01
257,Anton,96538.58,1991-12-06
258,Weathey,85114.64,1994-03-16
259,Drillingcourt,79484.93,1996-08-22
260,Sandon,64237.51,1999-06-20
261,Blackburne,41184.54,1999-02-16
262,Tiron,73839.37,1993-10-22
263,Ormonde,88828.19,1996-07-28
264,Guilloton,33535.14,1996-02-07
265,Dyster,26516.02,1994-10-11
266,Debling,91016.55,1991-03-08
267,Maryan,39203.72,1996-01-04
268,Bendson,72817.0,1993-11-18
269,Ibotson,86705.07,1992-06-20
270,Sparshutt,69662.27,2000-06-27
271,Turbill,39232.29,1992-10-03
272,Giff,43138.37,1999-05-09
273,Novotne,25073.25,1991-11-09
274,Johantges,20453.7,1995-05-27
275,Hayhow,62678.14,1999-11-17
276,Hefferan,51535.22,1992-10-04
277,Maiden,89647.57,1992-08-15
278,Duffield,37963.21,1998-11-19
279,Rouchy,89896.25,1994-08-14
280,Schlag,57773.36,2000-08-21
281,Illingsworth,47205.62,1993-08-16
282,Jecock,47248.47,1994-04-30
283,Jacquemy,23343.49,1991-01-27
284,Dutnall,66795.23,1995-09-25
285,Jimes,11873.1,1992-07-07
286,Gilkison,40833.8,2000-02-23
287,Whistance,51055.66,1994-10-10
288,Greenfield,53756.24,1999-05-18
289,Easun,99864.2,1998-08-24
290,Dennett,38068.19,1991-01-04
291,Eastcourt,69927.62,2000-08-09
292,Auston,69804.56,1994-09-27
293,Buckell,67143.82,1995-04-22
294,Glede,80894.55,1997-12-13
295,Hurley,48037.29,1999-06-11
296,Mordey,88843.95,1993-03-02
297,Wavell,34977.8,1995-07-10
298,Spinks,40250.99,1995-04-21
299,Berget,49924.92,1995-07-01
300,Harbisher,28602.32,1998-11-02
301,Normanville,47102.25,1993-09-25
302,Garford,17245.11,1992-01-10
303,Renvoys,90663.05,1991-05-26
304,Lancetter,68190.08,1996-11-16
305,Rapsey,94579.08,1998-06-28
306,Lenz,51026.75,1992-03-06
307,Dunwoody,71916.51,1994-02-04
308,Marians,82583.25,1997-10-12
309,Tollet,62691.7,1996-07-24
310,Cometto,57140.95,1993-10-23
311,Benet,76982.88,1993-06-10
312,Reagan,90257.37,1995-04-26
313,McLorinan,50859.16,1996-04-28
314,Sollom,78897.37,1998-04-22
315,McKendry,68164.15,2000-02-12
316,Kupis,94937.28,1992-12-28
317,Culross,49313.77,1993-04-19
318,Dickie,73392.53,1992-04-08
319,Blackwell,27249.65,1996-08-02
320,Josefowicz,95383.03,1996-06-28
321,Furber,77156.29,1991-10-19
322,Spellesy,10652.58,1993-10-18
323,Seemmonds,80973.18,1993-06-05
324,Counihan,23808.67,1996-02-13
325,Mannix,79381.43,1998-12-17
326,Lestrange,43507.93,1998-03-24
327,Itzhaiek,74822.4,2000-05-18
328,Cranefield,70375.36,2000-07-27
329,Ivery,79523.11,1991-12-06
330,Lile,34500.58,1993-09-10
331,Huthart,72317.54,1992-03-23
332,Cisar,95308.48,1991-05-07
333,Sandiland,20701.94,1993-10-10
334,Baynham,79175.48,1992-04-16
335,Choke,14224.69,1999-04-07
336,Sanbroke,77926.85,1996-11-08
337,Pearce,28528.7,1996-08-09
338,Corstan,21023.51,1998-08-20
339,Mowson,80696.01,1994-05-21
340,Collicott,80461.9,1995-09-03
341,Traves,72119.81,1994-02-12
342,Byrd,73900.54,2000-01-24
343,Alabastar,93926.74,1999-01-28
344,Dyett,84729.4,1992-02-27
345,Cassells,68176.68,1995-09-05
346,Theuff,46903.15,1998-06-03
347,Backs,33374.39,1996-04-07
348,Orgen,55623.14,1993-06-09
349,Size,35782.9,1997-03-04
350,Pedrocco,87393.07,1995-06-27
351,Ayrton,16554.48,2000-09-01
352,Harlow,41062.63,1991-11-07
353,Hurl,77860.56,1996-12-19
354,Jaquet,49387.89,1992-10-25
355,Caldecourt,16248.92,1998-11-23
356,Lermouth,83619.1,1995-04-29
357,Ryall,59905.45,1995-05-19
358,Tomicki,15388.65,1991-12-11
359,Verrall,63091.2,1995-05-07
360,Vellacott,79840.91,1992-05-19
361,Barde,74613.47,1999-01-10
362,Nutman,45883.37,1999-07-21
363,Sleith,44864.45,1992-11-04
364,Caddens,84729.9,1995-02-19
365,MacClenan,52729.38,1997-10-17
366,Simonds,98620.9,1995-05-25
367,Mangeot,83954.67,1998-08-10
368,Joscelyne,39456.13,1994-04-04
369,Francescone,10887.71,1992-07-12
370,Bemment,13035.57,1998-10-17
371,Stockport,17488.1,1997-03-24
372,Koche,39130.63,1992-06-07
373,Rollins,98917.74,1993-09-10
374,Bartocci,63380.0,2000-10-24
375,Jenckes,21754.77,1992-09-23
376,Wildman,30405.18,1994-01-19
377,Gunnell,63336.23,1993-03-04
378,Lyver,34186.31,1998-04-03
379,Reckless,30871.3,2000-01-07
380,Dundon,59573.97,1998-09-18
381,Plant,92682.23,1999-01-12
382,Shoobridge,85864.29,1998-01-17
383,Bagniuk,51621.89,1997-08-26
384,Geffe,44924.35,1991-02-04
385,McIleen,86978.65,2000-08-14
386,Coom,10786.12,1991-05-24
387,Poytres,19986.44,1995-03-05
388,Burtonwood,89720.23,2000-04-30
389,Hembrow,13888.19,1997-04-27
390,Urch,17268.44,2000-05-22
391,Neubigin,63743.82,1999-09-22
392,Gate,71692.43,2000-11-01
393,Cuxon,95035.15,1992-06-15
394,Pouck,57825.55,2000-02-19
395,Van Merwe,78588.79,1997-01-05
396,Yosifov,91666.06,1995-03-04
397,Collabine,63509.37,1996-11-29
398,Nuttall,80236.43,1999-05-26
399,McLarens,31370.03,1994-09-15
400,Bagg,81764.41,1991-09-20
401,Brockley,48541.42,1990-12-05
402,Froggatt,65175.42,1992-03-23
403,Cowburn,70790.0,1998-09-24
404,Wakeley,73027.67,1991-06-08
405,Wasylkiewicz,16967.53,1999-12-26
406,Meadmore,99004.16,1993-11-15
407,Kigelman,88831.97,1998-09-21
408,Kitchin,24698.87,1996-11-30
409,Barrow,91026.82,1993-07-09
410,Skain,12956.34,1996-09-30
411,Glasper,63214.88,1992-10-19
412,Emanueli,80660.76,1996-01-15
413,Carrick,22034.75,1992-10-21
414,Klimowski,89436.24,1998-02-27
415,Piddocke,43530.61,1997-07-29
416,Rodder,26390.79,1991-01-07
417,Zanetti,96717.23,1998-06-13
418,Boulton,35018.5,1994-10-17
419,Tather,64546.18,2000-08-23
420,Pollie,17729.74,1996-06-09
421,Whitwam,15587.75,1998-09-19
422,Conibere,38105.68,2000-09-26
423,Housiaux,89973.53,1993-03-18
424,Oakenfull,43955.51,1995-11-04
425,Delafoy,73215.04,1997-09-17
426,Compfort,92974.77,1993-04-05
427,Relph,50911.92,1993-03-17
428,Wessing,67576.45,1997-06-05
429,Hurworth,70898.32,1996-01-26
430,McKea,40410.56,2000-01-29
431,Andreotti,48915.68,1992-01-15
432,Ector,26033.45,1990-12-21
433,Arro,24180.54,2000-02-21
434,Scanlon,95714.18,1998-08-29
435,Kores,72855.57,1999-01-11
436,Dickons,76008.9,1999-01-18
437,Fonte,74177.17,1992-01-28
438,Warmington,70566.18,1996-12-30
439,Clemmett,76308.33,1996-07-16
440,Ludvigsen,15670.28,1993-04-03
441,Dalmon,30037.93,1998-06-18
442,Slane,70054.18,1996-12-25
443,Heinsen,71269.35,1999-10-23
444,Prozescky,84983.17,1992-01-08
445,Gall,51159.85,1999-05-20
446,Scales,56609.4,1993-09-19
447,Cannam,39005.7,1995-06-09
448,Raycroft,83733.68,2000-06-29
449,Cuchey,19773.81,1997-01-24
450,Johnstone,23758.96,1992-10-07
451,Thickin,99109.17,1992-08-29
452,Marquess,46045.53,2000-09-14
453,Marquet,98010.54,1995-07-24
454,Pirkis,95908.49,1997-09-15
455,Croydon,48520.82,1997-01-06
456,Trousdale,64588.5,1998-11-08
457,Albro,50312.43,1995-05-15
458,Traher,40460.2,1993-10-19
459,Prozescky,25628.56,1991-07-23
460,Studdert,62687.84,1997-11-16
461,Baitson,96428.25,1997-01-09
462,Domnin,56968.31,1993-09-22
463,Skittles,37328.68,1997-03-30
464,Hidderley,63692.14,1997-05-28
465,Baise,80438.84,1999-02-09
466,Robberecht,88263.61,2000-10-15
467,Wadeson,67640.95,2000-06-09
468,Clem,41621.84,1993-11-12
469,Ciabatteri,48692.84,1999-05-06
470,Tother,50873.42,1998-04-04
471,Guyonneau,37582.19,1997-12-31
472,Wortley,39477.26,1996-01-11
473,Casson,73044.25,1991-04-24
474,Girtin,29988.36,1995-07-17
475,Leveret,59158.0,1992-07-09
476,Fenn,21149.13,1991-08-22
477,Voden,50042.0,1991-04-12
478,Verdy,67012.77,1997-09-14
479,Kelberman,65215.27,1994-08-16
480,McKiernan,94982.33,1994-11-30
481,Ingley,49126.58,1992-04-07
482,Trimming,30936.86,1998-12-02
483,Stowers,42340.97,1995-05-01
484,Posner,19917.48,1999-10-11
485,de la Tremoille,28885.65,1991-03-18
486,Witcher,32380.11,1993-11-10
487,Ribeiro,63430.75,1994-05-30
488,OIlier,56204.24,1995-07-17
489,Parkhouse,99007.18,1992-01-30
490,Bower,20662.83,1994-04-05
491,Stockall,11266.41,1993-09-26
492,Wagstaff,36055.47,1992-11-02
493,Hulse,49977.82,1998-04-26
494,Luckings,46518.21,1992-11-08
495,Goodbody,59192.16,1997-09-02
496,Gorries,64598.0,1995-02-20
497,Ferris,59236.3,1995-02-02
498,Whieldon,15371.66,1996-11-15
499,Itscowicz,43157.06,2000-06-23
500,Alldridge,79329.27,1993-02-14
501,Gott,96662.43,1996-08-04
502,Gordge,66472.37,1991-09-20
503,Pautot,75719.16,1994-08-19
504,Guerry,62759.19,1997-12-16
505,Lockart,48371.42,1996-06-15
506,Charlewood,56459.63,2000-08-28
507,Brayn,57757.51,1999-04-03
508,Mallison,25095.7,1992-02-07
509,Querree,69488.79,2000-02-27
510,Halksworth,26232.74,1997-08-26
511,Filisov,54754.89,1999-03-19
512,Ianiello,13491.63,1999-07-06
513,Sinnie,62788.12,1996-12-10
514,Iorizzo,57632.97,1992-03-20
515,Poletto,91935.02,1997-05-23
516,Ferrara,72219.82,1992-10-06
517,D'eye,18436.02,2000-07-21
518,Antonovic,49360.89,2000-07-24
519,Vodden,10505.23,1991-12-30
520,Qualtrough,35949.85,2000-04-17
521,Hintzer,86266.73,1994-08-30
522,Elgie,64728.17,1994-01-09
523,Baus,79358.98,1995-03-05
524,Kneller,16012.37,1996-09-07
525,Wandtke,68082.5,1994-01-30
526,Boshard,82769.44,1992-12-19
527,Frane,80926.52,1994-03-25
528,Rodmell,58414.35,1992-06-02
529,Packer,23741.22,1996-10-03
530,de Quincey,81325.2,1993-07-18
531,Trenouth,84325.55,1996-12-16
532,Gravenall,19457.85,1997-10-09
533,Danelutti,21471.65,1995-04-09
534,Mapson,93033.27,1999-01-14
535,Ruilton,73036.91,1997-05-26
536,McCullum,98068.72,1993-08-17
537,Kimmings,39057.59,1995-09-22
538,Giraldon,78253.71,1993-10-15
539,Bride,62206.11,1994-10-27
540,Gulvin,46503.11,1999-11-04
541,Hould,29287.84,1995-04-08
542,Tilley,46079.09,1998-11-17
543,Lain,92623.45,1997-01-14
544,Sainsberry,63878.88,1991-06-09
545,Belton,26948.28,1994-12-25
546,Fortoun,32333.81,1998-08-20
547,Gantley,35441.39,1994-04-03
548,Ping,34266.18,1996-11-14
549,Dowglass,69719.13,1999-03-30
550,Glanton,21494.85,1992-05-15
551,Lanceley,78388.41,1998-04-12
552,Eisig,27088.71,1992-04-28
553,Prickett,81751.62,1998-01-07
554,Frangleton,63534.38,1997-03-30
555,Jery,58033.4,1997-08-07
556,Gratton,22063.71,2000-09-19
557,Edgehill,39910.68,1997-06-07
558,Dunwoody,92767.72,1992-05-16
559,Jessel,92907.21,1991-12-25
560,Macvey,58603.95,2000-03-18
561,Semiraz,51435.23,1997-03-31
562,Drewitt,85359.76,1991-12-08
563,Perrelli,22429.61,1996-03-31
564,Trapp,53458.96,1994-12-21
565,Towlson,97146.14,1997-04-18
566,Shipcott,32080.61,1997-05-27
567,Edison,96663.05,2000-02-19
568,Stiddard,61369.36,1993-12-01
569,Christian,67678.31,1994-11-25
570,Dulson,12136.37,1994-12-07
571,Casbon,23599.93,1992-12-11
572,Le - Count,62938.83,1996-05-05
573,Impleton,80802.63,1996-02-11
574,Matsell,17605.6,1993-02-03
575,todor,48405.82,1993-05-06
576,Vicent,95385.76,1998-12-28
577,Robelin,88982.5,1992-01-21
578,Stempe,52508.29,1995-07-30
579,Simyson,18930.05,1992-03-03
580,Mechell,48273.74,1995-02-23
581,Simpson,80251.21,1995-07-24
582,Escritt,23811.98,1997-03-10
583,Rumsey,49913.05,1993-11-26
584,Shynn,43337.25,1996-12-01
585,Habden,18994.46,1996-06-05
586,Isakowicz,71178.77,1996-12-23
587,Collinette,71786.9,1997-10-18
588,Oliphand,69853.06,1992-12-03
589,Bodycomb,89949.17,1993-01-25
590,Robey,95628.33,1997-08-25
591,Clipston,27188.03,1993-01-24
592,MacComiskey,51520.96,1999-11-18
593,Jedrzejczak,37423.13,1992-03-07
594,Mahody,15224.33,1999-02-14
595,Maryin,96449.31,1995-02-08
596,Crookshank,64783.7,1997-10-22
597,Stratiff,51738.05,1991-04-08
598,Brydson,88343.6,1991-04-14
599,McGarvey,70518.13,1994-12-30
600,Eadie,88572.01,1992-02-15
601,Martill,89944.53,1996-11-22
602,Yurkin,47554.89,1995-02-06
603,Gueny,96940.85,1995-09-14
604,Carillo,67833.73,1997-03-31
605,Pippard,57720.61,2000-01-04
606,Juanico,86097.93,1993-02-07
607,McMeekan,93094.54,1994-06-15
608,Wondraschek,81387.39,1994-08-31
609,Sterke,43189.72,1993-02-10
610,Batthew,28626.83,1997-03-18
611,Scrase,16401.83,1999-12-29
612,Dominichelli,59729.47,1995-09-15
613,Biasetti,10284.42,1997-07-07
614,Ciciotti,42444.82,1994-04-01
615,Stoakes,56924.65,1998-06-24
616,De Ruggero,45922.62,1998-03-08
617,Jeskin,10015.04,1998-01-03
618,Williment,85994.35,1998-05-26
619,Niblo,10898.01,2000-11-12
620,Gravenor,29775.22,1999-07-16
621,Cogzell,32627.52,1995-07-14
622,Moorwood,73090.75,1996-03-10
623,Cullnean,42126.09,1998-06-15
624,Longman,67106.92,1999-07-16
625,Nore,47918.45,1991-01-15
626,Yarranton,62548.11,1995-03-25
627,Houlson,52959.98,1992-02-26
628,Tenaunt,42908.38,1995-08-31
629,Strainge,60551.21,1994-03-23
630,Whaley,44476.47,1999-12-06
631,McMeanma,60008.92,1993-01-14
632,Wawer,70881.56,1997-10-02
633,Cokly,12148.11,1999-01-05
634,Antuk,88875.75,1994-01-29
635,Gravener,67314.1,1997-10-23
636,Leggan,94992.5,1996-08-19
637,Tarborn,98025.78,1996-12-03
638,Mathiot,20932.99,1996-03-21
639,Bach,69718.45,1998-12-16
640,Colquit,32976.53,1997-05-07
641,Watts,90759.7,2000-04-29
642,Benning,80850.12,1994-07-29
643,Roony,34609.62,2000-08-24
644,Daubney,55149.42,1999-05-05
645,Hallstone,64289.42,1996-07-07
646,Sackey,14142.22,2000-07-21
647,Kubis,28554.13,1997-03-07
648,Kilford,45594.36,1991-03-22
649,Sheen,81104.71,1999-09-28
650,Bakster,77060.47,1993-08-02
651,Pilmoor,56102.96,1995-12-30
652,Andresen,29217.4,1998-07-15
653,Pawellek,55581.46,1999-06-09
654,Baradel,79718.5,1993-05-15
655,Ginnane,20121.88,1998-03-18
656,Gollin,97393.11,1994-02-20
657,Reid,23210.96,1997-12-20
658,Fearnsides,62928.05,1999-12-20
659,Ollcott,87982.66,1992-06-13
660,Troth,58662.28,1995-07-28
661,Stollmeyer,53427.28,1992-06-18
662,Hainge,52275.44,2000-08-28
663,Chatain,94385.75,1996-12-05
664,Feavers,10227.71,1991-04-16
665,Bosley,73958.69,1998-12-31
666,Kivell,50010.99,1999-09-09
667,Izakson,14498.73,1993-04-18
668,Pudge,56177.8,1995-09-06
669,Antley,98012.78,1999-05-25
670,Staning,87942.4,1994-02-26
671,Lardner,29245.38,1992-09-03
672,Welfare,31235.96,1999-07-08
673,Harse,83462.31,1992-11-06
674,Shillitto,53401.91,1999-01-12
675,Bedford,48573.33,1998-09-06
676,Gladyer,60087.23,1998-08-27
677,Blacket,39169.89,1993-11-10
678,Mitcheson,11818.6,1998-07-12
679,Langfitt,28218.42,1994-04-01
680,McKimm,63945.87,1993-03-04
681,Garretts,61769.68,1991-10-31
682,Cases,51462.58,1997-08-14
683,Guile,36595.48,1996-11-21
684,Viall,56639.87,1994-10-30
685,Feckey,24849.93,1994-11-17
686,Hawket,25682.86,1992-01-01
687,Heephy,27103.22,1994-06-24
688,Hindrick,34597.01,1991-06-21
689,Kenelin,96255.42,1999-06-30
690,O'Dowling,82230.19,1992-08-06
691,Rediers,82539.71,1993-11-20
692,Sima,63555.67,1999-01-08
693,Poncet,14204.34,2000-03-03
694,Barkaway,80553.04,1999-01-13
695,Clampe,50443.58,1994-06-07
696,Cochran,47572.24,1999-10-01
697,Boutcher,34828.93,1992-02-19
698,Memory,45192.87,1991-12-04
699,Pagitt,99279.78,2000-11-21
700,Ormston,56316.79,1995-02-15
701,Sweatman,83504.16,1995-08-11
702,Ioannou,60434.81,1997-10-16
703,Monkhouse,86579.59,1991-12-31
704,Dixcee,38717.29,1998-08-06
705,Gissing,44597.98,1993-07-29
706,Stenet,25402.5,1998-02-07
707,O'Hone,45521.69,1994-03-04
708,Pottell,21478.99,1992-12-21
709,Stellino,94653.18,1992-08-07
710,Anglin,45337.12,1991-09-29
711,Shoebottom,98235.34,1998-01-02
712,Drei,82866.8,1991-03-25
713,Kingswood,56681.82,1992-03-03
714,Durbridge,20486.93,1992-01-14
715,Limpertz,62926.97,1996-10-09
716,Martusov,51767.66,1997-04-16
717,Ashtonhurst,17773.6,1994-03-11
718,Karmel,97246.41,1999-01-11
719,Keable,30500.15,2000-03-12
720,Eite,57549.73,1997-07-28
721,Pouck,30428.28,1999-01-07
722,Bowes,72811.06,1997-07-14
723,Oseland,73882.0,1992-12-18
724,Sherrum,64292.81,1991-02-28
725,Kohnemann,24665.27,1997-06-04
726,Meeny,65732.53,1993-06-08
727,Brammar,55495.13,1999-11-25
728,MacCheyne,36365.85,1996-04-15
729,Lermit,37624.45,1993-05-09
730,Lamborn,56548.7,1993-08-18
731,Salvatore,74557.92,1995-04-29
732,Close,36867.93,2000-08-29
733,Jellico,93353.0,1994-02-03
734,ducarme,66331.21,1998-08-19
735,Easman,11876.24,1994-05-26
736,Brydell,47270.52,1996-07-16
737,Guiu,75562.52,1995-01-19
738,Reding,52590.72,1997-05-22
739,Fante,78197.04,1991-07-21
740,Dresse,39265.71,1999-08-29
741,Pollitt,23125.11,1996-12-09
742,Hamstead,34939.11,1997-11-15
743,Sturman,60922.12,1997-09-08
744,Fairholm,60531.61,2000-06-10
745,Dexter,88198.72,1991-01-10
746,Carncross,61923.76,1998-09-05
747,Fills,42305.8,1999-02-01
748,Dehmel,11527.99,1995-05-11
749,MacConchie,73399.98,1997-04-27
750,Fairbank,41658.68,1998-08-18
751,Vasse,97205.58,1996-07-12
752,Nizard,11683.55,1991-02-13
753,Bigg,16722.32,1994-03-03
754,Bannister,73688.61,1996-02-03
755,Kaesmakers,38962.29,1993-04-04
756,Christie,52913.94,1997-01-22
757,Benardeau,22015.09,1999-04-16
758,Brakespear,22526.17,1999-03-18
759,Baynon,97274.03,1995-03-23
760,Othick,19550.2,1991-06-03
761,Cornuau,28598.58,2000-11-18
762,Climie,79821.04,1998-12-15
763,Casswell,27381.28,1994-04-18
764,Heintzsch,95603.13,1997-08-26
765,Durning,23561.15,1994-04-09
766,Hacker,82566.86,1994-12-07
767,Foulds,11088.91,1994-07-27
768,Caulton,75396.11,1992-06-28
769,Dorton,21483.74,1996-09-24
770,Girardoni,18305.46,1998-10-08
771,Taplow,13665.57,1995-09-25
772,Barukh,87733.51,2000-11-15
773,Camsey,66911.58,1999-05-10
774,Panniers,75647.44,1993-10-21
775,Covil,80415.74,1995-03-21
776,Grishanov,80539.53,1992-06-18
777,Manuelli,75476.19,1994-07-27
778,Everard,80720.48,1997-09-06
779,Connop,93638.59,1999-08-24
780,Barstock,58713.0,1992-02-10
781,Atte-Stone,25888.0,1991-07-13
782,Braim,63670.87,1997-10-27
783,Cookes,18395.51,1998-12-28
784,Maddyson,93661.9,1993-02-07
785,Pavie,38519.33,1995-04-25
786,Peagram,58283.85,1993-02-08
787,Sowte,96266.64,1998-06-18
788,Jakuszewski,80745.1,1992-02-23
789,Assur,78284.69,1996-08-20
790,Jorge,28924.86,2000-05-10
791,Bulfield,83826.95,2000-04-30
792,Winter,51588.47,1997-07-07
793,Ramos,42842.26,1998-06-25
794,Najera,80605.07,1998-12-22
795,Kilmister,22588.17,1992-01-17
796,Molden,13115.88,1998-02-04
797,Colwell,76499.02,1993-08-02
798,Ofener,71052.79,1996-10-23
799,Givens,75141.34,1993-10-17
800,Jannaway,80139.02,1992-03-22
801,Loomes,83222.77,2000-08-03
802,Colman,95627.44,2000-05-05
803,Beckinsale,71482.68,1999-09-12
804,Seed,88284.18,1999-07-04
805,Blesdill,88866.65,1999-01-31
806,Mustard,58198.2,1995-01-23
807,Tommasetti,29997.31,1991-03-17
808,Sapir,36202.25,1999-09-30
809,Mullenger,32754.24,1995-11-28
810,Mingey,90160.36,1997-09-18
811,Marshman,32841.49,1997-09-03
812,Thinn,84520.82,1996-01-29
813,De Meis,89004.15,1997-08-29
814,Clampin,94605.37,1991-04-01
815,Letessier,35599.33,2000-04-15
816,Bernhardsson,98356.64,1996-10-17
817,Christal,45729.59,1991-03-06
818,Clackers,28037.26,1995-10-17
819,Barthot,69766.65,2000-06-07
820,Brinkley,61254.1,1991-04-03
821,Staite,68644.03,1995-06-29
822,Jaslem,53772.62,1992-05-08
823,Lorain,78582.91,1999-11-24
824,Saintsbury,74630.34,1991-12-14
825,Pinnington,25227.53,1997-08-17
826,Dumphry,24664.26,1994-12-04
827,Grishagin,92750.16,1998-08-02
828,Vouls,80071.44,1998-04-30
829,Grabb,76166.46,1992-01-09
830,McOrkil,23740.85,1992-07-11
831,Van Son,37376.43,1997-05-20
832,Hollow,85840.21,2000-06-30
833,Kiehne,76055.0,1996-12-14
834,Lennie,60334.1,1999-12-13
835,Eilert,64609.74,1999-03-12
836,Fewtrell,46328.19,2000-07-20
837,Pruvost,53484.25,1996-08-31
838,Scardefield,87744.32,1994-10-23
839,Heintsch,46868.06,1991-10-17
840,Boys,96937.69,1992-04-24
841,Lydiard,13279.93,1997-07-04
842,Sacker,98288.7,1997-02-22
843,Zannotelli,69808.66,1996-12-25
844,Vazquez,99604.77,1997-10-17
845,Quilty,42827.04,1995-12-07
846,Eymor,50672.7,1995-12-24
847,Shmyr,26032.25,1999-01-18
848,Andreaccio,78717.89,1995-05-24
849,Urling,38160.25,1994-02-23
850,Tschierse,47347.79,1991-02-23
851,Van Arsdale,16563.13,1996-06-18
852,Congreave,98884.74,1998-07-20
853,Du Barry,19717.71,1999-10-27
854,Headech,56504.07,1993-12-27
855,Martinovic,56602.5,1992-10-06
856,Jemmett,59538.66,1995-09-22
857,Huot,87786.56,1991-05-24
858,Begbie,49124.57,1995-05-08
859,Brandolini,82558.61,1994-10-21
860,Knappen,31380.32,1998-04-30
861,Linkleter,40387.49,1991-04-28
862,Garner,12064.91,1997-08-31
863,Venables,29604.24,1994-06-19
864,Godin,46143.52,1997-05-27
865,Dowthwaite,72424.54,2000-03-13
866,Gooly,25647.56,1993-07-30
867,Romera,12758.91,2000-06-25
868,Conkie,70255.46,1993-08-02
869,Malmar,90480.94,1993-01-10
870,Davidove,61209.21,1992-04-20
871,Polley,20481.47,1994-05-03
872,Bartle,53896.87,1996-09-15
873,Pinard,89544.56,1996-02-09
874,Martignon,57173.87,1993-05-17
875,Hessel,30844.31,1994-08-06
876,Pinwill,33172.44,1999-03-16
877,Dampney,77427.95,1999-08-06
878,Henstone,13881.01,1992-09-17
879,Soots,18015.38,1993-07-01
880,Titcomb,30754.81,1995-05-06
881,Kippling,29280.45,1997-03-01
882,Falloon,67050.43,1998-07-05
883,Ropcke,64158.59,1998-09-08
884,O' Liddy,68746.63,1991-08-26
885,Kolyagin,97436.1,2000-03-23
886,Toquet,46961.38,1995-07-20
887,Shury,60412.74,1991-10-24
888,Lamburn,58813.2,1997-03-14
889,Hedgeman,82234.5,1998-07-03
890,Hopewell,45044.28,1998-02-15
891,Fielder,68534.32,1991-06-30
892,Glidden,56390.61,1998-05-18
893,Blackly,52412.15,1994-09-28
894,Smalls,96868.65,1999-04-25
895,Wisam,31766.87,1995-11-18
896,Nulty,83605.31,1995-04-23
897,Cranstone,26775.32,1991-10-31
898,Whitchurch,32825.49,2000-09-03
899,Chavey,39255.84,1992-08-19
900,Kettley,43668.07,1998-09-09
901,Ossenna,15695.44,2000-01-25
902,Orwin,86751.85,2000-02-03
903,Mackerel,12379.18,1996-05-22
904,Piotrkowski,27790.42,1997-05-19
905,Maskell,40269.29,1998-04-18
906,Donkersley,31867.73,1996-07-29
907,Venour,44337.26,1995-09-03
908,Gresser,19756.53,1999-01-27
909,Gallehock,10250.67,1994-11-08
910,Padbery,15514.66,1991-12-24
911,Malafe,77109.45,1998-09-02
912,Plumbley,97259.48,1999-10-30
913,Askem,35329.41,1993-04-19
914,Woolfall,25104.11,1994-10-12
915,Piggin,87849.03,1991-12-10
916,Somerlie,50895.67,1994-01-27
917,Luttgert,71245.85,1992-10-18
918,Cuxon,95834.44,1999-01-27
919,Huddleston,54574.98,1991-12-21
920,Dumbelton,80389.95,1997-01-06
921,Corsar,43490.39,1999-02-24
922,Vitte,37656.32,1997-02-21
923,Wybrew,87577.92,1999-11-08
924,Puckring,57653.16,1991-09-19
925,Haughton,59189.76,1999-07-08
926,Setterfield,40321.31,1996-09-29
927,Shillito,10094.45,1996-04-08
928,Brosnan,51458.52,1991-10-22
929,Spenclay,74060.52,1996-01-15
930,Lemonby,44669.43,1992-12-14
931,Stuckow,72354.14,1991-06-23
932,Happer,34971.7,1998-01-29
933,Stubbes,12349.82,1999-05-13
934,Tale,26689.71,1992-07-28
935,Brick,97240.06,1993-06-12
936,Tether,84187.01,1995-04-18
937,Treadaway,75657.84,1999-04-05
938,Creek,50659.76,2000-10-30
939,Brinklow,92228.1,1995-10-30
940,Tams,61725.93,2000-03-13
941,Van der Linde,92486.99,1996-04-15
942,Brennon,40158.23,1998-10-26
943,Lutsch,24293.71,1999-11-09
944,Bouchard,85805.05,1994-08-21
945,Wetherburn,27811.71,1993-09-26
946,Morfell,98234.65,2000-03-20
947,Javes,51643.07,2000-10-26
948,Constance,86349.03,1991-03-19
949,Fryer,59167.59,1997-08-04
950,Blaszczynski,88069.43,1998-07-17
951,Ovenell,98055.87,1998-12-07
952,Power,71371.92,1991-07-26
953,Warn,42750.62,1992-04-01
954,Obbard,12142.64,1994-11-28
955,Fowlds,58071.38,1994-03-17
956,Sappson,20219.12,1998-12-12
957,Furlonge,63700.11,1995-07-28
958,Applegarth,81718.74,1993-12-26
959,Pagel,46968.27,1996-11-10
960,Musselwhite,14629.54,1991-08-18
961,Eagland,22407.95,1999-07-03
962,Skeeles,26916.89,1996-11-19
963,Prewett,98982.63,1993-08-16
964,Gatecliffe,37582.0,1998-05-08
965,Farthin,34287.72,1997-11-07
966,Whysall,45336.2,1993-07-01
967,Swynley,56779.93,1994-06-29
968,Rook,74896.06,1993-07-04
969,Tunder,52487.11,1991-04-12
970,Brandreth,31171.82,1991-10-07
971,Drinkwater,13419.03,1999-08-03
972,Gillbanks,30272.42,1993-05-25
973,Sheach,69395.79,1991-08-26
974,Parzis,48022.65,1998-01-13
975,Monini,74452.77,1998-02-18
976,Cochrane,99354.64,1997-07-13
977,Laundon,53759.48,1996-10-16
978,Luter,32071.76,1995-11-02
979,Corkill,93075.72,1997-02-02
980,Weafer,67077.92,1991-09-10
981,Merriott,53762.08,1997-08-08
982,Sturge,86182.33,1993-05-12
983,Shapcote,62834.35,1996-03-09
984,Blemen,50218.48,1991-06-24
985,Scruby,82911.71,1992-08-19
986,de Werk,46906.99,2000-06-27
987,Ryman,85321.5,1992-02-10
988,Hanalan,78109.1,1995-02-14
989,Frogley,16954.66,1991-03-11
990,Courtois,49446.23,1998-08-03
991,Dackombe,28332.8,1999-06-22
992,Squibe,24925.06,1993-04-26
993,Overil,93736.08,2000-09-13
994,Mealiffe,94532.59,1998-09-29
995,Ellens,63137.24,1996-05-17
996,Pottes,88360.03,1997-07-17
997,Fandrich,54336.97,2000-10-11
998,Govern,46010.21,1995-10-16
999,Edmonds,34361.03,1992-04-21
1000,Littlefair,62442.17,1992-12-06
